1,seleccion_multiple,¿Cuánto es 7 x 8?,54;56;58;60,56,Recordar,45
2,verdadero_falso,El número 0 es un número natural.,verdadero;falso,verdadero,Entender,30
3,seleccion_multiple,¿En qué año comenzó la Primera Guerra Mundial?,1912;1914;1916;1918,1914,Recordar,60
4,verdadero_falso,La Revolución Francesa ocurrió antes de la Revolución Industrial.,verdadero;falso,falso,Analizar,45
5,seleccion_multiple,¿Qué capacidad física mejora el trote?,Fuerza;Velocidad;Resistencia;Flexibilidad,Resistencia,Entender,30
6,verdadero_falso,El yoga es un ejercicio anaeróbico.,verdadero;falso,falso,Aplicar,30
7,seleccion_multiple,¿Qué órgano humano bombea la sangre?,Pulmón;Riñón;Corazón;Hígado,Corazón,Recordar,45
8,verdadero_falso,El agua hierve a 100 grados Celsius al nivel del mar.,verdadero;falso,verdadero,Entender,30
9,seleccion_multiple,¿Cuál es el sujeto en la oración: 'El perro ladra fuerte'?,ladrar;fuerte;perro;el,perro,Analizar,45
10,verdadero_falso,Los sinónimos son palabras con significados opuestos.,verdadero;falso,falso,Evaluar,30
